No files changed, compilation skipped

╭-------------------------------------------------------------------------------------------+------------------+-------------------+--------------------+---------------------╮
| Contract                                                                                  | Runtime Size (B) | Initcode Size (B) | Runtime Margin (B) | Initcode Margin (B) |
+=============================================================================================================================================================================+
| AA_FalconX_Account                                                                        | 12,762           | 14,519            | 11,814             | 34,633              |
|-------------------------------------------------------------------------------------------+------------------+-------------------+--------------------+---------------------|
| AA_FalconX_AccountFactory                                                                 | 5,114            | 5,354             | 19,462             | 43,798              |
|-------------------------------------------------------------------------------------------+------------------+-------------------+--------------------+---------------------|
| ACRDX_Account                                                                             | 11,373           | 12,710            | 13,203             | 36,442              |
|-------------------------------------------------------------------------------------------+------------------+-------------------+--------------------+---------------------|
| ACRDX_AccountFactory                                                                      | 5,114            | 5,354             | 19,462             | 43,798              |
|-------------------------------------------------------------------------------------------+------------------+-------------------+--------------------+---------------------|
| ACRED_Account                                                                             | 12,170           | 13,530            | 12,406             | 35,622              |
|-------------------------------------------------------------------------------------------+------------------+-------------------+--------------------+---------------------|
| ACRED_AccountFactory                                                                      | 5,114            | 5,354             | 19,462             | 43,798              |
|-------------------------------------------------------------------------------------------+------------------+-------------------+--------------------+---------------------|
| AUTO_Account                                                                              | 12,152           | 13,717            | 12,424             | 35,435              |
|-------------------------------------------------------------------------------------------+------------------+-------------------+--------------------+---------------------|
| AUTO_AccountFactory                                                                       | 5,114            | 5,354             | 19,462             | 43,798              |
|-------------------------------------------------------------------------------------------+------------------+-------------------+--------------------+---------------------|
| AaveV3Adapter                                                                             | 11,871           | 12,574            | 12,705             | 36,578              |
|-------------------------------------------------------------------------------------------+------------------+-------------------+--------------------+---------------------|
| AaveV3AdapterRegistryMock                                                                 | 608              | 636               | 23,968             | 48,516              |
|-------------------------------------------------------------------------------------------+------------------+-------------------+--------------------+---------------------|
| AaveV3AdapterVaultMock                                                                    | 148              | 320               | 24,428             | 48,832              |
|-------------------------------------------------------------------------------------------+------------------+-------------------+--------------------+---------------------|
| AccountPause                                                                              | 1,943            | 2,269             | 22,633             | 46,883              |
|-------------------------------------------------------------------------------------------+------------------+-------------------+--------------------+---------------------|
| AccountRegistry                                                                           | 804              | 1,040             | 23,772             | 48,112              |
|-------------------------------------------------------------------------------------------+------------------+-------------------+--------------------+---------------------|
| AccountsCoWSwapSettlementMock                                                             | 358              | 528               | 24,218             | 48,624              |
|-------------------------------------------------------------------------------------------+------------------+-------------------+--------------------+---------------------|
| AcredSecuritizeAccount                                                                    | 12,170           | 13,560            | 12,406             | 35,592              |
|-------------------------------------------------------------------------------------------+------------------+-------------------+--------------------+---------------------|
| AdapterFactory                                                                            | 5,114            | 5,354             | 19,462             | 43,798              |
|-------------------------------------------------------------------------------------------+------------------+-------------------+--------------------+---------------------|
| AdapterPause                                                                              | 1,943            | 2,269             | 22,633             | 46,883              |
|-------------------------------------------------------------------------------------------+------------------+-------------------+--------------------+---------------------|
| AdapterRegistry                                                                           | 746              | 982               | 23,830             | 48,170              |
|-------------------------------------------------------------------------------------------+------------------+-------------------+--------------------+---------------------|
| Address                                                                                   | 44               | 94                | 24,532             | 49,058              |
|-------------------------------------------------------------------------------------------+------------------+-------------------+--------------------+---------------------|
| AppAdapter                                                                                | 14,906           | 15,546            | 9,670              | 33,606              |
|-------------------------------------------------------------------------------------------+------------------+-------------------+--------------------+---------------------|
| AppAdapterBurnerMock                                                                      | 481              | 509               | 24,095             | 48,643              |
|-------------------------------------------------------------------------------------------+------------------+-------------------+--------------------+---------------------|
| AppAdapterDelegatorMock                                                                   | 1,656            | 1,684             | 22,920             | 47,468              |
|-------------------------------------------------------------------------------------------+------------------+-------------------+--------------------+---------------------|
| AppAdapterNetworkMiddlewareServiceMock                                                    | 306              | 334               | 24,270             | 48,818              |
|-------------------------------------------------------------------------------------------+------------------+-------------------+--------------------+---------------------|
| AppAdapterRegistryMock                                                                    | 608              | 636               | 23,968             | 48,516              |
|-------------------------------------------------------------------------------------------+------------------+-------------------+--------------------+---------------------|
| AppAdapterUniversalAdapterFactoryMock                                                     | 5,114            | 5,550             | 19,462             | 43,602              |
|-------------------------------------------------------------------------------------------+------------------+-------------------+--------------------+---------------------|
| AppAdapterUniversalMigratableEntityMock                                                   | 1,871            | 2,197             | 22,705             | 46,955              |
|-------------------------------------------------------------------------------------------+------------------+-------------------+--------------------+---------------------|
| AppAdapterUniversalNetworkMiddlewareServiceMock                                           | 306              | 334               | 24,270             | 48,818              |
|-------------------------------------------------------------------------------------------+------------------+-------------------+--------------------+---------------------|
| AppAdapterVaultMock                                                                       | 580              | 777               | 23,996             | 48,375              |
|-------------------------------------------------------------------------------------------+------------------+-------------------+--------------------+---------------------|
| Arrays                                                                                    | 44               | 94                | 24,532             | 49,058              |
|-------------------------------------------------------------------------------------------+------------------+-------------------+--------------------+---------------------|
| AssetoAccount                                                                             | 13,058           | 14,506            | 11,518             | 34,646              |
|-------------------------------------------------------------------------------------------+------------------+-------------------+--------------------+---------------------|
| AssetoOracle                                                                              | 905              | 1,165             | 23,671             | 47,987              |
|-------------------------------------------------------------------------------------------+------------------+-------------------+--------------------+---------------------|
| AsyncRedeemOracle                                                                         | 709              | 1,656             | 23,867             | 47,496              |
|-------------------------------------------------------------------------------------------+------------------+-------------------+--------------------+---------------------|
| BaseDelegatorDefaultsHarness                                                              | 6,324            | 6,766             | 18,252             | 42,386              |
|-------------------------------------------------------------------------------------------+------------------+-------------------+--------------------+---------------------|
| BaseDelegatorHints                                                                        | 2,769            | 18,639            | 21,807             | 30,513              |
|-------------------------------------------------------------------------------------------+------------------+-------------------+--------------------+---------------------|
| BaseSlasherDefaultsHarness                                                                | 5,195            | 5,564             | 19,381             | 43,588              |
|-------------------------------------------------------------------------------------------+------------------+-------------------+--------------------+---------------------|
| BaseSlasherHints                                                                          | 3,194            | 9,169             | 21,382             | 39,983              |
|-------------------------------------------------------------------------------------------+------------------+-------------------+--------------------+---------------------|
| BenchmarkConstantOracle                                                                   | 126              | 152               | 24,450             | 49,000              |
|-------------------------------------------------------------------------------------------+------------------+-------------------+--------------------+---------------------|
| BenchmarkLiquidLaneVault                                                                  | 483              | 615               | 24,093             | 48,537              |
|-------------------------------------------------------------------------------------------+------------------+-------------------+--------------------+---------------------|
| BenchmarkVaultRegistry                                                                    | 608              | 636               | 23,968             | 48,516              |
|-------------------------------------------------------------------------------------------+------------------+-------------------+--------------------+---------------------|
| Bytes                                                                                     | 44               | 94                | 24,532             | 49,058              |
|-------------------------------------------------------------------------------------------+------------------+-------------------+--------------------+---------------------|
| CarryTradeUSDTRYLeverage_Account                                                          | 11,501           | 13,852            | 13,075             | 35,300              |
|-------------------------------------------------------------------------------------------+------------------+-------------------+--------------------+---------------------|
| CarryTradeUSDTRYLeverage_AccountFactory                                                   | 5,114            | 5,354             | 19,462             | 43,798              |
|-------------------------------------------------------------------------------------------+------------------+-------------------+--------------------+---------------------|
| ChainlinkOracle                                                                           | 1,596            | 2,234             | 22,980             | 46,918              |
|-------------------------------------------------------------------------------------------+------------------+-------------------+--------------------+---------------------|
| ChainlinkPriceFeed                                                                        | 6,107            | 6,159             | 18,469             | 42,993              |
|-------------------------------------------------------------------------------------------+------------------+-------------------+--------------------+---------------------|
| ChaosERC20Mock                                                                            | 2,282            | 2,310             | 22,294             | 46,842              |
|-------------------------------------------------------------------------------------------+------------------+-------------------+--------------------+---------------------|
| ChaosMalformedDecimalsToken                                                               | 38               | 64                | 24,538             | 49,088              |
|-------------------------------------------------------------------------------------------+------------------+-------------------+--------------------+---------------------|
| ChaosMidasDataFeedMock                                                                    | 93               | 173               | 24,483             | 48,979              |
|-------------------------------------------------------------------------------------------+------------------+-------------------+--------------------+---------------------|
| ChaosMidasRedemptionVaultMock                                                             | 2,450            | 2,478             | 22,126             | 46,674              |
|-------------------------------------------------------------------------------------------+------------------+-------------------+--------------------+---------------------|
| ChaosRevertingDecimalsToken                                                               | 149              | 175               | 24,427             | 48,977              |
|-------------------------------------------------------------------------------------------+------------------+-------------------+--------------------+---------------------|
| ChaosTestToken                                                                            | 1,855            | 2,569             | 22,721             | 46,583              |
|-------------------------------------------------------------------------------------------+------------------+-------------------+--------------------+---------------------|
| ChaosTooManyDecimalsToken                                                                 | 75               | 101               | 24,501             | 49,051              |
|-------------------------------------------------------------------------------------------+------------------+-------------------+--------------------+---------------------|
| Checkpoints (lib/openzeppelin-contracts/contracts/utils/structs/Checkpoints.sol)          | 44               | 94                | 24,532             | 49,058              |
|-------------------------------------------------------------------------------------------+------------------+-------------------+--------------------+---------------------|
| Checkpoints (src/contracts/libraries/Checkpoints.sol)                                     | 44               | 94                | 24,532             | 49,058              |
|-------------------------------------------------------------------------------------------+------------------+-------------------+--------------------+---------------------|
| Checkpoints (src/contracts/libraries/CheckpointsV2.sol)                                   | 44               | 94                | 24,532             | 49,058              |
|-------------------------------------------------------------------------------------------+------------------+-------------------+--------------------+---------------------|
| Clones                                                                                    | 44               | 94                | 24,532             | 49,058              |
|-------------------------------------------------------------------------------------------+------------------+-------------------+--------------------+---------------------|
| CoWSwapConverterHarness                                                                   | 9,407            | 10,003            | 15,169             | 39,149              |
|-------------------------------------------------------------------------------------------+------------------+-------------------+--------------------+---------------------|
| CoWSwapSettlementMock                                                                     | 940              | 1,110             | 23,636             | 48,042              |
|-------------------------------------------------------------------------------------------+------------------+-------------------+--------------------+---------------------|
| CoWSwapVaultMock                                                                          | 100              | 230               | 24,476             | 48,922              |
|-------------------------------------------------------------------------------------------+------------------+-------------------+--------------------+---------------------|
| CoWSwapVaultRegistryMock                                                                  | 608              | 636               | 23,968             | 48,516              |
|-------------------------------------------------------------------------------------------+------------------+-------------------+--------------------+---------------------|
| Comparators                                                                               | 44               | 94                | 24,532             | 49,058              |
|-------------------------------------------------------------------------------------------+------------------+-------------------+--------------------+---------------------|
| Create2                                                                                   | 44               | 94                | 24,532             | 49,058              |
|-------------------------------------------------------------------------------------------+------------------+-------------------+--------------------+---------------------|
| CreateXWrapper                                                                            | 2,764            | 2,792             | 21,812             | 46,360              |
|-------------------------------------------------------------------------------------------+------------------+-------------------+--------------------+---------------------|
| CutoffAccountHarness                                                                      | 423              | 451               | 24,153             | 48,701              |
|-------------------------------------------------------------------------------------------+------------------+-------------------+--------------------+---------------------|
| CutoffMidasAccount                                                                        | 14,086           | 15,891            | 10,490             | 33,261              |
|-------------------------------------------------------------------------------------------+------------------+-------------------+--------------------+---------------------|
| DAILikeToken                                                                              | 3,080            | 4,256             | 21,496             | 44,896              |
|-------------------------------------------------------------------------------------------+------------------+-------------------+--------------------+---------------------|
| DUSD_Account                                                                              | 11,283           | 14,935            | 13,293             | 34,217              |
|-------------------------------------------------------------------------------------------+------------------+-------------------+--------------------+---------------------|
| DUSD_AccountFactory                                                                       | 5,114            | 5,354             | 19,462             | 43,798              |
|-------------------------------------------------------------------------------------------+------------------+-------------------+--------------------+---------------------|
| DateTimeLib                                                                               | 44               | 94                | 24,532             | 49,058              |
|-------------------------------------------------------------------------------------------+------------------+-------------------+--------------------+---------------------|
| DelegatorFactory                                                                          | 2,399            | 2,639             | 22,177             | 46,513              |
|-------------------------------------------------------------------------------------------+------------------+-------------------+--------------------+---------------------|
| DeploymentAdjustedAggregatorMock                                                          | 283              | 448               | 24,293             | 48,704              |
|-------------------------------------------------------------------------------------------+------------------+-------------------+--------------------+---------------------|
| DeploymentMarketAggregatorMock                                                            | 203              | 337               | 24,373             | 48,815              |
|-------------------------------------------------------------------------------------------+------------------+-------------------+--------------------+---------------------|
| DeploymentMidasDataFeedMock                                                               | 177              | 327               | 24,399             | 48,825              |
|-------------------------------------------------------------------------------------------+------------------+-------------------+--------------------+---------------------|
| DigiFTAccount                                                                             | 14,809           | 16,187            | 9,767              | 32,965              |
|-------------------------------------------------------------------------------------------+------------------+-------------------+--------------------+---------------------|
| DigiFTSubAccount                                                                          | 1,227            | 1,765             | 23,349             | 47,387              |
|-------------------------------------------------------------------------------------------+------------------+-------------------+--------------------+---------------------|
| ECDSA                                                                                     | 44               | 94                | 24,532             | 49,058              |
|-------------------------------------------------------------------------------------------+------------------+-------------------+--------------------+---------------------|
| ERC1363Utils                                                                              | 44               | 94                | 24,532             | 49,058              |
|-------------------------------------------------------------------------------------------+------------------+-------------------+--------------------+---------------------|
| ERC1967Proxy                                                                              | 122              | 878               | 24,454             | 48,274              |
|-------------------------------------------------------------------------------------------+------------------+-------------------+--------------------+---------------------|
| ERC1967Utils                                                                              | 44               | 94                | 24,532             | 49,058              |
|-------------------------------------------------------------------------------------------+------------------+-------------------+--------------------+---------------------|
| ERC4626Account                                                                            | 8,748            | 9,894             | 15,828             | 39,258              |
|-------------------------------------------------------------------------------------------+------------------+-------------------+--------------------+---------------------|
| ERC4626AccountAssetMock                                                                   | 1,821            | 2,493             | 22,755             | 46,659              |
|-------------------------------------------------------------------------------------------+------------------+-------------------+--------------------+---------------------|
| ERC4626AccountCoWSwapSettlementMock                                                       | 121              | 244               | 24,455             | 48,908              |
|-------------------------------------------------------------------------------------------+------------------+-------------------+--------------------+---------------------|
| ERC4626AccountVaultMock                                                                   | 121              | 244               | 24,455             | 48,908              |
|-------------------------------------------------------------------------------------------+------------------+-------------------+--------------------+---------------------|
| ERC4626Adapter                                                                            | 11,553           | 12,195            | 13,023             | 36,957              |
|-------------------------------------------------------------------------------------------+------------------+-------------------+--------------------+---------------------|
| ERC4626AdapterRegistryMock                                                                | 608              | 636               | 23,968             | 48,516              |
|-------------------------------------------------------------------------------------------+------------------+-------------------+--------------------+---------------------|
| ERC4626AdapterVaultMock                                                                   | 148              | 320               | 24,428             | 48,832              |
|-------------------------------------------------------------------------------------------+------------------+-------------------+--------------------+---------------------|
| ERC4626Math                                                                               | 44               | 94                | 24,532             | 49,058              |
|-------------------------------------------------------------------------------------------+------------------+-------------------+--------------------+---------------------|
| ERC4626Oracle                                                                             | 875              | 1,801             | 23,701             | 47,351              |
|-------------------------------------------------------------------------------------------+------------------+-------------------+--------------------+---------------------|
| ERC4626VaultMock                                                                          | 3,799            | 4,408             | 20,777             | 44,744              |
|-------------------------------------------------------------------------------------------+------------------+-------------------+--------------------+---------------------|
| ERC721Utils                                                                               | 44               | 94                | 24,532             | 49,058              |
|-------------------------------------------------------------------------------------------+------------------+-------------------+--------------------+---------------------|
| EnumerableSet                                                                             | 44               | 94                | 24,532             | 49,058              |
|-------------------------------------------------------------------------------------------+------------------+-------------------+--------------------+---------------------|
| Errors                                                                                    | 44               | 94                | 24,532             | 49,058              |
|-------------------------------------------------------------------------------------------+------------------+-------------------+--------------------+---------------------|
| EulerAdapter                                                                              | 11,663           | 12,335            | 12,913             | 36,817              |
|-------------------------------------------------------------------------------------------+------------------+-------------------+--------------------+---------------------|
| EulerAdapterRegistryMock                                                                  | 608              | 636               | 23,968             | 48,516              |
|-------------------------------------------------------------------------------------------+------------------+-------------------+--------------------+---------------------|
| EulerAdapterVaultMock                                                                     | 148              | 320               | 24,428             | 48,832              |
|-------------------------------------------------------------------------------------------+------------------+-------------------+--------------------+---------------------|
| EulerLendVaultFactoryMock                                                                 | 297              | 325               | 24,279             | 48,827              |
|-------------------------------------------------------------------------------------------+------------------+-------------------+--------------------+---------------------|
| EulerLendVaultMock                                                                        | 4,058            | 4,676             | 20,518             | 44,476              |
|-------------------------------------------------------------------------------------------+------------------+-------------------+--------------------+---------------------|
| Factory                                                                                   | 2,399            | 2,637             | 22,177             | 46,515              |
|-------------------------------------------------------------------------------------------+------------------+-------------------+--------------------+---------------------|
| FakeEntity                                                                                | 377              | 567               | 24,199             | 48,585              |
|-------------------------------------------------------------------------------------------+------------------+-------------------+--------------------+---------------------|
| FeeOnTransferToken                                                                        | 1,785            | 3,197             | 22,791             | 45,955              |
|-------------------------------------------------------------------------------------------+------------------+-------------------+--------------------+---------------------|
| FigureAccount                                                                             | 12,152           | 13,730            | 12,424             | 35,422              |
|-------------------------------------------------------------------------------------------+------------------+-------------------+--------------------+---------------------|
| FigureOracle                                                                              | 1,065            | 2,132             | 23,511             | 47,020              |
|-------------------------------------------------------------------------------------------+------------------+-------------------+--------------------+---------------------|
| FigureSubAccount                                                                          | 851              | 1,195             | 23,725             | 47,957              |
|-------------------------------------------------------------------------------------------+------------------+-------------------+--------------------+---------------------|
| FrontendLiquidityLens                                                                     | 8,135            | 8,163             | 16,441             | 40,989              |
|-------------------------------------------------------------------------------------------+------------------+-------------------+--------------------+---------------------|
| FrontendLiquidityLensHarness                                                              | 8,802            | 8,830             | 15,774             | 40,322              |
|-------------------------------------------------------------------------------------------+------------------+-------------------+--------------------+---------------------|
| FrontendLiquidityLensV2                                                                   | 8,820            | 8,848             | 15,756             | 40,304              |
|-------------------------------------------------------------------------------------------+------------------+-------------------+--------------------+---------------------|
| FullRestakeDelegator                                                                      | 11,025           | 11,653            | 13,551             | 37,499              |
|-------------------------------------------------------------------------------------------+------------------+-------------------+--------------------+---------------------|
| FullRestakeDelegatorHints                                                                 | 3,725            | 3,937             | 20,851             | 45,215              |
|-------------------------------------------------------------------------------------------+------------------+-------------------+--------------------+---------------------|
| FullRestakeDelegatorHintsTarget                                                           | 5,262            | 5,474             | 19,314             | 43,678              |
|-------------------------------------------------------------------------------------------+------------------+-------------------+--------------------+---------------------|
| GaibAccount                                                                               | 12,454           | 13,830            | 12,122             | 35,322              |
|-------------------------------------------------------------------------------------------+------------------+-------------------+--------------------+---------------------|
| GaibSubAccount                                                                            | 1,310            | 1,681             | 23,266             | 47,471              |
|-------------------------------------------------------------------------------------------+------------------+-------------------+--------------------+---------------------|
| HYB_Account                                                                               | 11,373           | 12,710            | 13,203             | 36,442              |
|-------------------------------------------------------------------------------------------+------------------+-------------------+--------------------+---------------------|
| HYB_AccountFactory                                                                        | 5,114            | 5,354             | 19,462             | 43,798              |
|-------------------------------------------------------------------------------------------+------------------+-------------------+--------------------+---------------------|
| HintsHarness                                                                              | 1,667            | 1,724             | 22,909             | 47,428              |
|-------------------------------------------------------------------------------------------+------------------+-------------------+--------------------+---------------------|
| InfiniFiAccount                                                                           | 11,574           | 13,046            | 13,002             | 36,106              |
|-------------------------------------------------------------------------------------------+------------------+-------------------+--------------------+---------------------|
| InfiniFiMainnetVault                                                                      | 109              | 135               | 24,467             | 49,017              |
|-------------------------------------------------------------------------------------------+------------------+-------------------+--------------------+---------------------|
| JAAA_Account                                                                              | 11,373           | 12,710            | 13,203             | 36,442              |
|-------------------------------------------------------------------------------------------+------------------+-------------------+--------------------+---------------------|
| JAAA_AccountFactory                                                                       | 5,114            | 5,354             | 19,462             | 43,798              |
|-------------------------------------------------------------------------------------------+------------------+-------------------+--------------------+---------------------|
| JTRSY_Account                                                                             | 11,373           | 12,710            | 13,203             | 36,442              |
|-------------------------------------------------------------------------------------------+------------------+-------------------+--------------------+---------------------|
| JTRSY_AccountFactory                                                                      | 5,114            | 5,354             | 19,462             | 43,798              |
|-------------------------------------------------------------------------------------------+------------------+-------------------+--------------------+---------------------|
| LidoAccount                                                                               | 14,674           | 16,064            | 9,902              | 33,088              |
|-------------------------------------------------------------------------------------------+------------------+-------------------+--------------------+---------------------|
| LiquidLaneAdapter                                                                         | 18,849           | 19,257            | 5,727              | 29,895              |
|-------------------------------------------------------------------------------------------+------------------+-------------------+--------------------+---------------------|
| LiquidLaneMigratableEntityMock                                                            | 1,871            | 2,197             | 22,705             | 46,955              |
|-------------------------------------------------------------------------------------------+------------------+-------------------+--------------------+---------------------|
| LiquidityLimitedERC4626Mock                                                               | 4,478            | 5,319             | 20,098             | 43,833              |
|-------------------------------------------------------------------------------------------+------------------+-------------------+--------------------+---------------------|
| Logs                                                                                      | 4,290            | 4,342             | 20,286             | 44,810              |
|-------------------------------------------------------------------------------------------+------------------+-------------------+--------------------+---------------------|
| LowLevelCall                                                                              | 44               | 94                | 24,532             | 49,058              |
|-------------------------------------------------------------------------------------------+------------------+-------------------+--------------------+---------------------|
| MainnetAdapterVaultMock                                                                   | 169              | 333               | 24,407             | 48,819              |
|-------------------------------------------------------------------------------------------+------------------+-------------------+--------------------+---------------------|
| MainnetAssetVault (test/adapters/ll-adapter/MidasAccountMainnetBenchmark.t.sol)           | 121              | 244               | 24,455             | 48,908              |
|-------------------------------------------------------------------------------------------+------------------+-------------------+--------------------+---------------------|
| MainnetAssetVault (test/adapters/ll-adapter/tokens_to_redeem/TokensToRedeemMainnet.t.sol) | 121              | 244               | 24,455             | 48,908              |
|-------------------------------------------------------------------------------------------+------------------+-------------------+--------------------+---------------------|
| MainnetConstantOracle                                                                     | 126              | 152               | 24,450             | 49,000              |
|-------------------------------------------------------------------------------------------+------------------+-------------------+--------------------+---------------------|
| MainnetThreeFAdapterHarness                                                               | 9,739            | 10,146            | 14,837             | 39,006              |
|-------------------------------------------------------------------------------------------+------------------+-------------------+--------------------+---------------------|
| MainnetThreeFAdapterVaultFactoryMock                                                      | 297              | 325               | 24,279             | 48,827              |
|-------------------------------------------------------------------------------------------+------------------+-------------------+--------------------+---------------------|
| MainnetThreeFAdapterVaultMock                                                             | 148              | 271               | 24,428             | 48,881              |
|-------------------------------------------------------------------------------------------+------------------+-------------------+--------------------+---------------------|
| MainnetVaultRegistryMock                                                                  | 608              | 636               | 23,968             | 48,516              |
|-------------------------------------------------------------------------------------------+------------------+-------------------+--------------------+---------------------|
| MakinaAccount                                                                             | 11,283           | 12,807            | 13,293             | 36,345              |
|-------------------------------------------------------------------------------------------+------------------+-------------------+--------------------+---------------------|
| MakinaOracle                                                                              | 1,205            | 1,990             | 23,371             | 47,162              |
|-------------------------------------------------------------------------------------------+------------------+-------------------+--------------------+---------------------|
| Math                                                                                      | 44               | 94                | 24,532             | 49,058              |
|-------------------------------------------------------------------------------------------+------------------+-------------------+--------------------+---------------------|
| Memory                                                                                    | 44               | 94                | 24,532             | 49,058              |
|-------------------------------------------------------------------------------------------+------------------+-------------------+--------------------+---------------------|
| MerklClaimer                                                                              | 1,103            | 1,235             | 23,473             | 47,917              |
|-------------------------------------------------------------------------------------------+------------------+-------------------+--------------------+---------------------|
| MerklClaimerHarness                                                                       | 1,103            | 1,235             | 23,473             | 47,917              |
|-------------------------------------------------------------------------------------------+------------------+-------------------+--------------------+---------------------|
| MerklDistributorMock                                                                      | 945              | 973               | 23,631             | 48,179              |
|-------------------------------------------------------------------------------------------+------------------+-------------------+--------------------+---------------------|
| MessageHashUtils                                                                          | 44               | 94                | 24,532             | 49,058              |
|-------------------------------------------------------------------------------------------+------------------+-------------------+--------------------+---------------------|
| MetadataService                                                                           | 1,531            | 1,663             | 23,045             | 47,489              |
|-------------------------------------------------------------------------------------------+------------------+-------------------+--------------------+---------------------|
| MidasCompAccount                                                                          | 11,501           | 12,877            | 13,075             | 36,275              |
|-------------------------------------------------------------------------------------------+------------------+-------------------+--------------------+---------------------|
| MidasCompAccountBenchHarness                                                              | 11,801           | 13,284            | 12,775             | 35,868              |
|-------------------------------------------------------------------------------------------+------------------+-------------------+--------------------+---------------------|
| MidasMainnetDelegator                                                                     | 999              | 1,151             | 23,577             | 48,001              |
|-------------------------------------------------------------------------------------------+------------------+-------------------+--------------------+---------------------|
| MidasMainnetLiquidLaneVault                                                               | 913              | 1,065             | 23,663             | 48,087              |
|-------------------------------------------------------------------------------------------+------------------+-------------------+--------------------+---------------------|
| MidasMainnetVaultRegistry                                                                 | 608              | 636               | 23,968             | 48,516              |
|-------------------------------------------------------------------------------------------+------------------+-------------------+--------------------+---------------------|
| MidasNonCompAccount                                                                       | 11,566           | 12,942            | 13,010             | 36,210              |
|-------------------------------------------------------------------------------------------+------------------+-------------------+--------------------+---------------------|
| MidasNonCompAccountBenchHarness                                                           | 11,866           | 13,349            | 12,710             | 35,803              |
|-------------------------------------------------------------------------------------------+------------------+-------------------+--------------------+---------------------|
| MidasOracle                                                                               | 536              | 782               | 24,040             | 48,370              |
|-------------------------------------------------------------------------------------------+------------------+-------------------+--------------------+---------------------|
| MidasTokensToRedeemAssetVault                                                             | 121              | 244               | 24,455             | 48,908              |
|-------------------------------------------------------------------------------------------+------------------+-------------------+--------------------+---------------------|
| MigratableEntityDefaultsHarness                                                           | 2,197            | 2,450             | 22,379             | 46,702              |
|-------------------------------------------------------------------------------------------+------------------+-------------------+--------------------+---------------------|
| MigratableEntityProxy                                                                     | 925              | 1,934             | 23,651             | 47,218              |
|-------------------------------------------------------------------------------------------+------------------+-------------------+--------------------+---------------------|
| MigratablesFactory                                                                        | 5,114            | 5,352             | 19,462             | 43,800              |
|-------------------------------------------------------------------------------------------+------------------+-------------------+--------------------+---------------------|
| MockAaveAToken                                                                            | 2,752            | 3,497             | 21,824             | 45,655              |
|-------------------------------------------------------------------------------------------+------------------+-------------------+--------------------+---------------------|
| MockAaveATokenUpgradeable                                                                 | 3,911            | 3,939             | 20,665             | 45,213              |
|-------------------------------------------------------------------------------------------+------------------+-------------------+--------------------+---------------------|
| MockAavePool                                                                              | 3,064            | 3,432             | 21,512             | 45,720              |
|-------------------------------------------------------------------------------------------+------------------+-------------------+--------------------+---------------------|
| MockAavePoolAddressesProvider                                                             | 677              | 913               | 23,899             | 48,239              |
|-------------------------------------------------------------------------------------------+------------------+-------------------+--------------------+---------------------|
| MockAavePoolAddressesProviderUpgradeable                                                  | 1,184            | 1,212             | 23,392             | 47,940              |
|-------------------------------------------------------------------------------------------+------------------+-------------------+--------------------+---------------------|
| MockAavePoolDataProvider                                                                  | 704              | 940               | 23,872             | 48,212              |
|-------------------------------------------------------------------------------------------+------------------+-------------------+--------------------+---------------------|
| MockAavePoolDataProviderUpgradeable                                                       | 1,229            | 1,257             | 23,347             | 47,895              |
|-------------------------------------------------------------------------------------------+------------------+-------------------+--------------------+---------------------|
| MockAavePoolUpgradeable                                                                   | 3,609            | 3,637             | 20,967             | 45,515              |
|-------------------------------------------------------------------------------------------+------------------+-------------------+--------------------+---------------------|
| MockAdapter (test/adapters/AdapterFactory.t.sol)                                          | 4,517            | 4,898             | 20,059             | 44,254              |
|-------------------------------------------------------------------------------------------+------------------+-------------------+--------------------+---------------------|
| MockAdapter (test/mocks/MockAdapter.sol)                                                  | 2,077            | 2,331             | 22,499             | 46,821              |
|-------------------------------------------------------------------------------------------+------------------+-------------------+--------------------+---------------------|
| MockAggregator                                                                            | 793              | 821               | 23,783             | 48,331              |
|-------------------------------------------------------------------------------------------+------------------+-------------------+--------------------+---------------------|
| MockAggregatorV3                                                                          | 412              | 525               | 24,164             | 48,627              |
|-------------------------------------------------------------------------------------------+------------------+-------------------+--------------------+---------------------|
| MockAssetoManager                                                                         | 772              | 1,015             | 23,804             | 48,137              |
|-------------------------------------------------------------------------------------------+------------------+-------------------+--------------------+---------------------|
| MockAssetoPricer                                                                          | 355              | 580               | 24,221             | 48,572              |
|-------------------------------------------------------------------------------------------+------------------+-------------------+--------------------+---------------------|
| MockAssetoToken                                                                           | 1,997            | 2,717             | 22,579             | 46,435              |
|-------------------------------------------------------------------------------------------+------------------+-------------------+--------------------+---------------------|
| MockAsyncRedeemVault                                                                      | 5,147            | 5,961             | 19,429             | 43,191              |
|-------------------------------------------------------------------------------------------+------------------+-------------------+--------------------+---------------------|
| MockAsyncRedeemVaultWithoutDecimals                                                       | 737              | 934               | 23,839             | 48,218              |
|-------------------------------------------------------------------------------------------+------------------+-------------------+--------------------+---------------------|
| MockChainlinkAggregator                                                                   | 810              | 923               | 23,766             | 48,229              |
|-------------------------------------------------------------------------------------------+------------------+-------------------+--------------------+---------------------|
| MockDigiFTSubRedManagement                                                                | 877              | 905               | 23,699             | 48,247              |
|-------------------------------------------------------------------------------------------+------------------+-------------------+--------------------+---------------------|
| MockERC20 (test/adapters/LiquidLaneAdapter.t.sol)                                         | 1,821            | 2,493             | 22,755             | 46,659              |
|-------------------------------------------------------------------------------------------+------------------+-------------------+--------------------+---------------------|
| MockERC20 (test/adapters/ll-adapter/AccountsBase.t.sol)                                   | 1,855            | 2,569             | 22,721             | 46,583              |
|-------------------------------------------------------------------------------------------+------------------+-------------------+--------------------+---------------------|
| MockERC20 (test/adapters/ll-adapter/InfiniFiAccount.t.sol)                                | 1,855            | 2,569             | 22,721             | 46,583              |
|-------------------------------------------------------------------------------------------+------------------+-------------------+--------------------+---------------------|
| MockERC20 (test/adapters/ll-adapter/MidasAccountOracles.t.sol)                            | 1,821            | 2,493             | 22,755             | 46,659              |
|-------------------------------------------------------------------------------------------+------------------+-------------------+--------------------+---------------------|
| MockERC20 (test/adapters/ll-adapter/MidasCutoffAccount.t.sol)                             | 1,855            | 2,569             | 22,721             | 46,583              |
|-------------------------------------------------------------------------------------------+------------------+-------------------+--------------------+---------------------|
| MockERC20Decimals                                                                         | 1,855            | 2,575             | 22,721             | 46,577              |
|-------------------------------------------------------------------------------------------+------------------+-------------------+--------------------+---------------------|
| MockERC4626OffsetVault                                                                    | 5,015            | 5,877             | 19,561             | 43,275              |
|-------------------------------------------------------------------------------------------+------------------+-------------------+--------------------+---------------------|
| MockERC4626RedeemToken                                                                    | 3,107            | 3,948             | 21,469             | 45,204              |
|-------------------------------------------------------------------------------------------+------------------+-------------------+--------------------+---------------------|
| MockEtherFiLiquidityPool                                                                  | 897              | 1,092             | 23,679             | 48,060              |
|-------------------------------------------------------------------------------------------+------------------+-------------------+--------------------+---------------------|
| MockEtherFiRedemptionManager                                                              | 1,727            | 1,919             | 22,849             | 47,233              |
|-------------------------------------------------------------------------------------------+------------------+-------------------+--------------------+---------------------|
| MockEtherFiWithdrawRequestNFT                                                             | 1,212            | 1,240             | 23,364             | 47,912              |
|-------------------------------------------------------------------------------------------+------------------+-------------------+--------------------+---------------------|
| MockEulerLendVault                                                                        | 5,040            | 6,055             | 19,536             | 43,097              |
|-------------------------------------------------------------------------------------------+------------------+-------------------+--------------------+---------------------|
| MockEulerLendVaultFactory                                                                 | 6,844            | 7,080             | 17,732             | 42,072              |
|-------------------------------------------------------------------------------------------+------------------+-------------------+--------------------+---------------------|
| MockEulerLendVaultFactoryUpgradeable                                                      | 11,473           | 11,501            | 13,103             | 37,651              |
|-------------------------------------------------------------------------------------------+------------------+-------------------+--------------------+---------------------|
| MockEulerLendVaultUpgradeable                                                             | 6,518            | 6,546             | 18,058             | 42,606              |
|-------------------------------------------------------------------------------------------+------------------+-------------------+--------------------+---------------------|
| MockHoodiTokenUpgradeable                                                                 | 3,265            | 3,293             | 21,311             | 45,859              |
|-------------------------------------------------------------------------------------------+------------------+-------------------+--------------------+---------------------|
| MockInfiniFiGateway                                                                       | 1,827            | 2,130             | 22,749             | 47,022              |
|-------------------------------------------------------------------------------------------+------------------+-------------------+--------------------+---------------------|
| MockInfiniFiRedeemController                                                              | 3,604            | 3,857             | 20,972             | 45,295              |
|-------------------------------------------------------------------------------------------+------------------+-------------------+--------------------+---------------------|
| MockInfiniFiUnwindingModule                                                               | 957              | 1,083             | 23,619             | 48,069              |
|-------------------------------------------------------------------------------------------+------------------+-------------------+--------------------+---------------------|
| MockLaneAccount                                                                           | 129              | 209               | 24,447             | 48,943              |
|-------------------------------------------------------------------------------------------+------------------+-------------------+--------------------+---------------------|
| MockLidoWithdrawalQueue                                                                   | 4,247            | 4,424             | 20,329             | 44,728              |
|-------------------------------------------------------------------------------------------+------------------+-------------------+--------------------+---------------------|
| MockLiquidLaneAccount                                                                     | 3,464            | 3,914             | 21,112             | 45,238              |
|-------------------------------------------------------------------------------------------+------------------+-------------------+--------------------+---------------------|
| MockLiquidLaneDelegator                                                                   | 2,929            | 3,138             | 21,647             | 46,014              |
|-------------------------------------------------------------------------------------------+------------------+-------------------+--------------------+---------------------|
| MockLiquidLaneOracle                                                                      | 142              | 222               | 24,434             | 48,930              |
|-------------------------------------------------------------------------------------------+------------------+-------------------+--------------------+---------------------|
| MockLiquidLaneVault                                                                       | 913              | 1,065             | 23,663             | 48,087              |
|-------------------------------------------------------------------------------------------+------------------+-------------------+--------------------+---------------------|
| MockMakinaAccountingClock                                                                 | 129              | 155               | 24,447             | 48,997              |
|-------------------------------------------------------------------------------------------+------------------+-------------------+--------------------+---------------------|
| MockMakinaMachine                                                                         | 845              | 1,055             | 23,731             | 48,097              |
|-------------------------------------------------------------------------------------------+------------------+-------------------+--------------------+---------------------|
| MockMakinaRedeemer                                                                        | 1,900            | 2,064             | 22,676             | 47,088              |
|-------------------------------------------------------------------------------------------+------------------+-------------------+--------------------+---------------------|
| MockMakinaSharePriceOracle                                                                | 221              | 361               | 24,355             | 48,791              |
|-------------------------------------------------------------------------------------------+------------------+-------------------+--------------------+---------------------|
| MockMidasCoWSwapSettlement                                                                | 940              | 1,110             | 23,636             | 48,042              |
|-------------------------------------------------------------------------------------------+------------------+-------------------+--------------------+---------------------|
| MockMidasDataFeed (test/adapters/ll-adapter/MidasAccountOracles.t.sol)                    | 142              | 222               | 24,434             | 48,930              |
|-------------------------------------------------------------------------------------------+------------------+-------------------+--------------------+---------------------|
| MockMidasDataFeed (test/adapters/ll-adapter/MidasCutoffAccount.t.sol)                     | 338              | 472               | 24,238             | 48,680              |
|-------------------------------------------------------------------------------------------+------------------+-------------------+--------------------+---------------------|
| MockMidasDataFeed (test/adapters/ll-adapter/PriceDataOracles.t.sol)                       | 177              | 310               | 24,399             | 48,842              |
|-------------------------------------------------------------------------------------------+------------------+-------------------+--------------------+---------------------|
| MockMidasRedemptionVault (test/adapters/ll-adapter/MidasAccountOracles.t.sol)             | 2,753            | 2,952             | 21,823             | 46,200              |
|-------------------------------------------------------------------------------------------+------------------+-------------------+--------------------+---------------------|
| MockMidasRedemptionVault (test/adapters/ll-adapter/MidasCutoffAccount.t.sol)              | 2,010            | 2,208             | 22,566             | 46,944              |
|-------------------------------------------------------------------------------------------+------------------+-------------------+--------------------+---------------------|
| MockMorphoAdapterRegistry                                                                 | 614              | 850               | 23,962             | 48,302              |
|-------------------------------------------------------------------------------------------+------------------+-------------------+--------------------+---------------------|
| MockMorphoAdapterRegistryUpgradeable                                                      | 1,124            | 1,152             | 23,452             | 48,000              |
|-------------------------------------------------------------------------------------------+------------------+-------------------+--------------------+---------------------|
| MockMorphoVault                                                                           | 4,630            | 5,461             | 19,946             | 43,691              |
|-------------------------------------------------------------------------------------------+------------------+-------------------+--------------------+---------------------|
| MockMorphoVaultConfigurable                                                               | 5,183            | 6,060             | 19,393             | 43,092              |
|-------------------------------------------------------------------------------------------+------------------+-------------------+--------------------+---------------------|
| MockMorphoVaultFactory                                                                    | 6,593            | 6,898             | 17,983             | 42,254              |
|-------------------------------------------------------------------------------------------+------------------+-------------------+--------------------+---------------------|
| MockMorphoVaultFactoryUpgradeable                                                         | 11,232           | 11,260            | 13,344             | 37,892              |
|-------------------------------------------------------------------------------------------+------------------+-------------------+--------------------+---------------------|
| MockMorphoVaultHarness                                                                    | 4,800            | 5,683             | 19,776             | 43,469              |
|-------------------------------------------------------------------------------------------+------------------+-------------------+--------------------+---------------------|
| MockMorphoVaultHarnessUpgradeable                                                         | 6,173            | 6,201             | 18,403             | 42,951              |
|-------------------------------------------------------------------------------------------+------------------+-------------------+--------------------+---------------------|
| MockMorphoVaultToken                                                                      | 1,723            | 2,600             | 22,853             | 46,552              |
|-------------------------------------------------------------------------------------------+------------------+-------------------+--------------------+---------------------|
| MockNoonRateProvider                                                                      | 424              | 452               | 24,152             | 48,700              |
|-------------------------------------------------------------------------------------------+------------------+-------------------+--------------------+---------------------|
| MockNoonSUSN                                                                              | 2,570            | 3,187             | 22,006             | 45,965              |
|-------------------------------------------------------------------------------------------+------------------+-------------------+--------------------+---------------------|
| MockNoonWithdrawalHandler                                                                 | 1,272            | 1,470             | 23,304             | 47,682              |
|-------------------------------------------------------------------------------------------+------------------+-------------------+--------------------+---------------------|
| MockOpenEdenExpress                                                                       | 3,643            | 3,878             | 20,933             | 45,274              |
|-------------------------------------------------------------------------------------------+------------------+-------------------+--------------------+---------------------|
| MockOracle (test/adapters/ll-adapter/AccountsBase.t.sol)                                  | 124              | 204               | 24,452             | 48,948              |
|-------------------------------------------------------------------------------------------+------------------+-------------------+--------------------+---------------------|
| MockOracle (test/adapters/ll-adapter/InfiniFiAccount.t.sol)                               | 124              | 204               | 24,452             | 48,948              |
|-------------------------------------------------------------------------------------------+------------------+-------------------+--------------------+---------------------|
| MockPriceDataOracle                                                                       | 314              | 423               | 24,262             | 48,729              |
|-------------------------------------------------------------------------------------------+------------------+-------------------+--------------------+---------------------|
| MockPriceOracleOpenEdenExpress                                                            | 574              | 699               | 24,002             | 48,453              |
|-------------------------------------------------------------------------------------------+------------------+-------------------+--------------------+---------------------|
| MockPriceOracleToken                                                                      | 115              | 226               | 24,461             | 48,926              |
|-------------------------------------------------------------------------------------------+------------------+-------------------+--------------------+---------------------|
| MockPriceOracleVault                                                                      | 468              | 635               | 24,108             | 48,517              |
|-------------------------------------------------------------------------------------------+------------------+-------------------+--------------------+---------------------|
| MockPrimeToken                                                                            | 2,486            | 3,113             | 22,090             | 46,039              |
|-------------------------------------------------------------------------------------------+------------------+-------------------+--------------------+---------------------|
| MockReentrantAdapter                                                                      | 2,294            | 2,507             | 22,282             | 46,645              |
|-------------------------------------------------------------------------------------------+------------------+-------------------+--------------------+---------------------|
| MockReentrantBurner                                                                       | 1,630            | 1,658             | 22,946             | 47,494              |
|-------------------------------------------------------------------------------------------+------------------+-------------------+--------------------+---------------------|
| MockRegistry                                                                              | 608              | 636               | 23,968             | 48,516              |
|-------------------------------------------------------------------------------------------+------------------+-------------------+--------------------+---------------------|
| MockRewards                                                                               | 1,084            | 1,148             | 23,492             | 48,004              |
|-------------------------------------------------------------------------------------------+------------------+-------------------+--------------------+---------------------|
| MockRewardsDistributor                                                                    | 1,195            | 1,344             | 23,381             | 47,808              |
|-------------------------------------------------------------------------------------------+------------------+-------------------+--------------------+---------------------|
| MockSThreeJaneSUSD3                                                                       | 4,401            | 5,174             | 20,175             | 43,978              |
|-------------------------------------------------------------------------------------------+------------------+-------------------+--------------------+---------------------|
| MockSaidVault                                                                             | 3,206            | 3,850             | 21,370             | 45,302              |
|-------------------------------------------------------------------------------------------+------------------+-------------------+--------------------+---------------------|
| MockSecuritizeLiquidityProvider                                                           | 100              | 230               | 24,476             | 48,922              |
|-------------------------------------------------------------------------------------------+------------------+-------------------+--------------------+---------------------|
| MockSecuritizeOffRamp                                                                     | 1,377            | 1,900             | 23,199             | 47,252              |
|-------------------------------------------------------------------------------------------+------------------+-------------------+--------------------+---------------------|
| MockSpikoAsset                                                                            | 1,821            | 2,286             | 22,755             | 46,866              |
|-------------------------------------------------------------------------------------------+------------------+-------------------+--------------------+---------------------|
| MockSpikoCowSettlement                                                                    | 121              | 244               | 24,455             | 48,908              |
|-------------------------------------------------------------------------------------------+------------------+-------------------+--------------------+---------------------|
| MockSpikoOracle                                                                           | 199              | 282               | 24,377             | 48,870              |
|-------------------------------------------------------------------------------------------+------------------+-------------------+--------------------+---------------------|
| MockSpikoRedemption                                                                       | 2,806            | 3,035             | 21,770             | 46,117              |
|-------------------------------------------------------------------------------------------+------------------+-------------------+--------------------+---------------------|
| MockSpikoToken                                                                            | 3,694            | 4,181             | 20,882             | 44,971              |
|-------------------------------------------------------------------------------------------+------------------+-------------------+--------------------+---------------------|
| MockSpikoVault                                                                            | 116              | 239               | 24,460             | 48,913              |
|-------------------------------------------------------------------------------------------+------------------+-------------------+--------------------+---------------------|
| MockStableNativeCowSettlement                                                             | 121              | 244               | 24,455             | 48,908              |
|-------------------------------------------------------------------------------------------+------------------+-------------------+--------------------+---------------------|
| MockStableNativeToken                                                                     | 115              | 226               | 24,461             | 48,926              |
|-------------------------------------------------------------------------------------------+------------------+-------------------+--------------------+---------------------|
| MockStableNativeVault                                                                     | 686              | 867               | 23,890             | 48,285              |
|-------------------------------------------------------------------------------------------+------------------+-------------------+--------------------+---------------------|
| MockSthUSD                                                                                | 3,548            | 4,204             | 21,028             | 44,948              |
|-------------------------------------------------------------------------------------------+------------------+-------------------+--------------------+---------------------|
| MockSuperstateToken                                                                       | 2,050            | 2,560             | 22,526             | 46,592              |
|-------------------------------------------------------------------------------------------+------------------+-------------------+--------------------+---------------------|
| MockSweepingDelegator                                                                     | 327              | 475               | 24,249             | 48,677              |
|-------------------------------------------------------------------------------------------+------------------+-------------------+--------------------+---------------------|
| MockVault (test/adapters/AdapterFactory.t.sol)                                            | 121              | 244               | 24,455             | 48,908              |
|-------------------------------------------------------------------------------------------+------------------+-------------------+--------------------+---------------------|
| MockVault (test/adapters/ll-adapter/AccountsBase.t.sol)                                   | 121              | 244               | 24,455             | 48,908              |
|-------------------------------------------------------------------------------------------+------------------+-------------------+--------------------+---------------------|
| MockVault (test/adapters/ll-adapter/InfiniFiAccount.t.sol)                                | 121              | 244               | 24,455             | 48,908              |
|-------------------------------------------------------------------------------------------+------------------+-------------------+--------------------+---------------------|
| MockVault (test/adapters/ll-adapter/MidasAccountOracles.t.sol)                            | 100              | 230               | 24,476             | 48,922              |
|-------------------------------------------------------------------------------------------+------------------+-------------------+--------------------+---------------------|
| MockVault (test/adapters/ll-adapter/MidasCutoffAccount.t.sol)                             | 121              | 244               | 24,455             | 48,908              |
|-------------------------------------------------------------------------------------------+------------------+-------------------+--------------------+---------------------|
| MockVaultRegistry                                                                         | 608              | 636               | 23,968             | 48,516              |
|-------------------------------------------------------------------------------------------+------------------+-------------------+--------------------+---------------------|
| MockWETH                                                                                  | 1,994            | 2,488             | 22,582             | 46,664              |
|-------------------------------------------------------------------------------------------+------------------+-------------------+--------------------+---------------------|
| MockWeETH                                                                                 | 2,128            | 2,717             | 22,448             | 46,435              |
|-------------------------------------------------------------------------------------------+------------------+-------------------+--------------------+---------------------|
| MockWeETHRateSource                                                                       | 171              | 264               | 24,405             | 48,888              |
|-------------------------------------------------------------------------------------------+------------------+-------------------+--------------------+---------------------|
| MockWstETH                                                                                | 2,395            | 2,993             | 22,181             | 46,159              |
|-------------------------------------------------------------------------------------------+------------------+-------------------+--------------------+---------------------|
| MockWstETHRateSource                                                                      | 171              | 264               | 24,405             | 48,888              |
|-------------------------------------------------------------------------------------------+------------------+-------------------+--------------------+---------------------|
| MorphoAdapterRegistryMock                                                                 | 608              | 636               | 23,968             | 48,516              |
|-------------------------------------------------------------------------------------------+------------------+-------------------+--------------------+---------------------|
| MorphoAdapterVaultMock                                                                    | 148              | 320               | 24,428             | 48,832              |
|-------------------------------------------------------------------------------------------+------------------+-------------------+--------------------+---------------------|
| MorphoLiquidityAdapterMock                                                                | 129              | 155               | 24,447             | 48,997              |
|-------------------------------------------------------------------------------------------+------------------+-------------------+--------------------+---------------------|
| MorphoVaultFactoryMock                                                                    | 297              | 325               | 24,279             | 48,827              |
|-------------------------------------------------------------------------------------------+------------------+-------------------+--------------------+---------------------|
| MorphoVaultMock                                                                           | 4,103            | 4,779             | 20,473             | 44,373              |
|-------------------------------------------------------------------------------------------+------------------+-------------------+--------------------+---------------------|
| MorphoVaultV2Adapter                                                                      | 12,448           | 13,152            | 12,128             | 36,000              |
|-------------------------------------------------------------------------------------------+------------------+-------------------+--------------------+---------------------|
| NetworkMiddlewareService                                                                  | 600              | 731               | 23,976             | 48,421              |
|-------------------------------------------------------------------------------------------+------------------+-------------------+--------------------+---------------------|
| NetworkRegistry                                                                           | 635              | 663               | 23,941             | 48,489              |
|-------------------------------------------------------------------------------------------+------------------+-------------------+--------------------+---------------------|
| NetworkRestakeDelegator                                                                   | 11,556           | 12,184            | 13,020             | 36,968              |
|-------------------------------------------------------------------------------------------+------------------+-------------------+--------------------+---------------------|
| NetworkRestakeDelegatorHints                                                              | 4,036            | 4,255             | 20,540             | 44,897              |
|-------------------------------------------------------------------------------------------+------------------+-------------------+--------------------+---------------------|
| NetworkRestakeDelegatorHintsTarget                                                        | 5,626            | 5,845             | 18,950             | 43,307              |
|-------------------------------------------------------------------------------------------+------------------+-------------------+--------------------+---------------------|
| NoonAccount                                                                               | 10,901           | 12,197            | 13,675             | 36,955              |
|-------------------------------------------------------------------------------------------+------------------+-------------------+--------------------+---------------------|
| NoonOracle                                                                                | 1,052            | 2,067             | 23,524             | 47,085              |
|-------------------------------------------------------------------------------------------+------------------+-------------------+--------------------+---------------------|
| OpenEdenAccount                                                                           | 10,968           | 12,425            | 13,608             | 36,727              |
|-------------------------------------------------------------------------------------------+------------------+-------------------+--------------------+---------------------|
| OpenEdenBenchmarkVault                                                                    | 109              | 135               | 24,467             | 49,017              |
|-------------------------------------------------------------------------------------------+------------------+-------------------+--------------------+---------------------|
| OpenEdenMainnetVault                                                                      | 109              | 135               | 24,467             | 49,017              |
|-------------------------------------------------------------------------------------------+------------------+-------------------+--------------------+---------------------|
| OpenEdenOracle                                                                            | 947              | 1,909             | 23,629             | 47,243              |
|-------------------------------------------------------------------------------------------+------------------+-------------------+--------------------+---------------------|
| OperatorNetworkSpecificDelegator                                                          | 9,940            | 10,618            | 14,636             | 38,534              |
|-------------------------------------------------------------------------------------------+------------------+-------------------+--------------------+---------------------|
| OperatorNetworkSpecificDelegatorHints                                                     | 3,303            | 3,507             | 21,273             | 45,645              |
|-------------------------------------------------------------------------------------------+------------------+-------------------+--------------------+---------------------|
| OperatorNetworkSpecificDelegatorHintsTarget                                               | 4,690            | 4,895             | 19,886             | 44,257              |
|-------------------------------------------------------------------------------------------+------------------+-------------------+--------------------+---------------------|
| OperatorRegistry                                                                          | 635              | 663               | 23,941             | 48,489              |
|-------------------------------------------------------------------------------------------+------------------+-------------------+--------------------+---------------------|
| OperatorSpecificDelegator                                                                 | 10,542           | 11,213            | 14,034             | 37,939              |
|-------------------------------------------------------------------------------------------+------------------+-------------------+--------------------+---------------------|
| OperatorSpecificDelegatorHints                                                            | 3,269            | 3,473             | 21,307             | 45,679              |
|-------------------------------------------------------------------------------------------+------------------+-------------------+--------------------+---------------------|
| OperatorSpecificDelegatorHintsTarget                                                      | 4,641            | 4,846             | 19,935             | 44,306              |
|-------------------------------------------------------------------------------------------+------------------+-------------------+--------------------+---------------------|
| OptInService                                                                              | 6,157            | 7,326             | 18,419             | 41,826              |
|-------------------------------------------------------------------------------------------+------------------+-------------------+--------------------+---------------------|
| OptInServiceHints                                                                         | 2,246            | 2,288             | 22,330             | 46,864              |
|-------------------------------------------------------------------------------------------+------------------+-------------------+--------------------+---------------------|
| OptInServiceHintsTarget                                                                   | 3,135            | 3,178             | 21,441             | 45,974              |
|-------------------------------------------------------------------------------------------+------------------+-------------------+--------------------+---------------------|
| OracleHarness                                                                             | 349              | 534               | 24,227             | 48,618              |
|-------------------------------------------------------------------------------------------+------------------+-------------------+--------------------+---------------------|
| PRIME_Account                                                                             | 12,152           | 13,716            | 12,424             | 35,436              |
|-------------------------------------------------------------------------------------------+------------------+-------------------+--------------------+---------------------|
| PRIME_AccountFactory                                                                      | 5,114            | 5,354             | 19,462             | 43,798              |
|-------------------------------------------------------------------------------------------+------------------+-------------------+--------------------+---------------------|
| Panic                                                                                     | 44               | 94                | 24,532             | 49,058              |
|-------------------------------------------------------------------------------------------+------------------+-------------------+--------------------+---------------------|
| ParetoAccount                                                                             | 12,762           | 14,504            | 11,814             | 34,648              |
|-------------------------------------------------------------------------------------------+------------------+-------------------+--------------------+---------------------|
| ParetoOracle                                                                              | 945              | 1,949             | 23,631             | 47,203              |
|-------------------------------------------------------------------------------------------+------------------+-------------------+--------------------+---------------------|
| ParetoOracleTestCDO                                                                       | 527              | 722               | 24,049             | 48,430              |
|-------------------------------------------------------------------------------------------+------------------+-------------------+--------------------+---------------------|
| ParetoTestCreditVault                                                                     | 1,909            | 2,124             | 22,667             | 47,028              |
|-------------------------------------------------------------------------------------------+------------------+-------------------+--------------------+---------------------|
| ParetoTestOracle                                                                          | 395              | 540               | 24,181             | 48,612              |
|-------------------------------------------------------------------------------------------+------------------+-------------------+--------------------+---------------------|
| ParetoTestWithdrawalQueue                                                                 | 2,606            | 2,862             | 21,970             | 46,290              |
|-------------------------------------------------------------------------------------------+------------------+-------------------+--------------------+---------------------|
| PendingQueueAdapterFactoryMock                                                            | 5,114            | 5,550             | 19,462             | 43,602              |
|-------------------------------------------------------------------------------------------+------------------+-------------------+--------------------+---------------------|
| PendingQueueMigratableEntityMock                                                          | 1,871            | 2,197             | 22,705             | 46,955              |
|-------------------------------------------------------------------------------------------+------------------+-------------------+--------------------+---------------------|
| PendingQueueNetworkMiddlewareServiceMock                                                  | 306              | 334               | 24,270             | 48,818              |
|-------------------------------------------------------------------------------------------+------------------+-------------------+--------------------+---------------------|
| PermitToken                                                                               | 3,698            | 5,204             | 20,878             | 43,948              |
|-------------------------------------------------------------------------------------------+------------------+-------------------+--------------------+---------------------|
| ProtocolFeeRegistry                                                                       | 2,140            | 2,376             | 22,436             | 46,776              |
|-------------------------------------------------------------------------------------------+------------------+-------------------+--------------------+---------------------|
| ProxyAdmin                                                                                | 977              | 1,213             | 23,599             | 47,939              |
|-------------------------------------------------------------------------------------------+------------------+-------------------+--------------------+---------------------|
| RebaseToken                                                                               | 2,413            | 3,718             | 22,163             | 45,434              |
|-------------------------------------------------------------------------------------------+------------------+-------------------+--------------------+---------------------|
| RecoveryImplementation                                                                    | 1,897            | 2,223             | 22,679             | 46,929              |
|-------------------------------------------------------------------------------------------+------------------+-------------------+--------------------+---------------------|
| ReentrantDeallocateAdapterMock                                                            | 2,077            | 2,463             | 22,499             | 46,689              |
|-------------------------------------------------------------------------------------------+------------------+-------------------+--------------------+---------------------|
| ReferenceVault                                                                            | 4,401            | 5,211             | 20,175             | 43,941              |
|-------------------------------------------------------------------------------------------+------------------+-------------------+--------------------+---------------------|
| RestakingAppAdapter                                                                       | 18,615           | 19,270            | 5,961              | 29,882              |
|-------------------------------------------------------------------------------------------+------------------+-------------------+--------------------+---------------------|
| RestakingAppAdapterDelegatorMock                                                          | 689              | 717               | 23,887             | 48,435              |
|-------------------------------------------------------------------------------------------+------------------+-------------------+--------------------+---------------------|
| RestakingAppAdapterNetworkMiddlewareServiceMock                                           | 306              | 334               | 24,270             | 48,818              |
|-------------------------------------------------------------------------------------------+------------------+-------------------+--------------------+---------------------|
| RestakingAppAdapterRegistryMock                                                           | 608              | 636               | 23,968             | 48,516              |
|-------------------------------------------------------------------------------------------+------------------+-------------------+--------------------+---------------------|
| RestakingAppAdapterVaultMock                                                              | 639              | 3,032             | 23,937             | 46,120              |
|-------------------------------------------------------------------------------------------+------------------+-------------------+--------------------+---------------------|
| RestakingCoWSwapSettlementMock                                                            | 940              | 1,110             | 23,636             | 48,042              |
|-------------------------------------------------------------------------------------------+------------------+-------------------+--------------------+---------------------|
| RestakingTokenMock                                                                        | 3,722            | 6,525             | 20,854             | 42,627              |
|-------------------------------------------------------------------------------------------+------------------+-------------------+--------------------+---------------------|
| RestakingWithdrawalQueueMock                                                              | 1,876            | 2,108             | 22,700             | 47,044              |
|-------------------------------------------------------------------------------------------+------------------+-------------------+--------------------+---------------------|
| Rewards                                                                                   | 384              | 448               | 24,192             | 48,704              |
|-------------------------------------------------------------------------------------------+------------------+-------------------+--------------------+---------------------|
| SPKCC_Account                                                                             | 13,432           | 17,305            | 11,144             | 31,847              |
|-------------------------------------------------------------------------------------------+------------------+-------------------+--------------------+---------------------|
| SPKCC_AccountFactory                                                                      | 5,114            | 5,354             | 19,462             | 43,798              |
|-------------------------------------------------------------------------------------------+------------------+-------------------+--------------------+---------------------|
| STAC_Account                                                                              | 10,308           | 14,050            | 14,268             | 35,102              |
|-------------------------------------------------------------------------------------------+------------------+-------------------+--------------------+---------------------|
| STAC_AccountFactory                                                                       | 5,114            | 5,354             | 19,462             | 43,798              |
|-------------------------------------------------------------------------------------------+------------------+-------------------+--------------------+---------------------|
| SThreeJaneAccount                                                                         | 11,052           | 12,547            | 13,524             | 36,605              |
|-------------------------------------------------------------------------------------------+------------------+-------------------+--------------------+---------------------|
| SThreeJaneOracle                                                                          | 1,065            | 2,132             | 23,511             | 47,020              |
|-------------------------------------------------------------------------------------------+------------------+-------------------+--------------------+---------------------|
| SafeCast                                                                                  | 44               | 94                | 24,532             | 49,058              |
|-------------------------------------------------------------------------------------------+------------------+-------------------+--------------------+---------------------|
| SafeERC20                                                                                 | 44               | 94                | 24,532             | 49,058              |
|-------------------------------------------------------------------------------------------+------------------+-------------------+--------------------+---------------------|
| SaidOracle                                                                                | 875              | 1,801             | 23,701             | 47,351              |
|-------------------------------------------------------------------------------------------+------------------+-------------------+--------------------+---------------------|
| Scaler                                                                                    | 44               | 94                | 24,532             | 49,058              |
|-------------------------------------------------------------------------------------------+------------------+-------------------+--------------------+---------------------|
| SecuritizeNoticeAccount                                                                   | 10,308           | 11,571            | 14,268             | 37,581              |
|-------------------------------------------------------------------------------------------+------------------+-------------------+--------------------+---------------------|
| SecuritizeOffRampAccount                                                                  | 10,534           | 11,847            | 14,042             | 37,305              |
|-------------------------------------------------------------------------------------------+------------------+-------------------+--------------------+---------------------|
| ShortStrings                                                                              | 44               | 94                | 24,532             | 49,058              |
|-------------------------------------------------------------------------------------------+------------------+-------------------+--------------------+---------------------|
| SignatureChecker                                                                          | 44               | 94                | 24,532             | 49,058              |
|-------------------------------------------------------------------------------------------+------------------+-------------------+--------------------+---------------------|
| SignedMath                                                                                | 44               | 94                | 24,532             | 49,058              |
|-------------------------------------------------------------------------------------------+------------------+-------------------+--------------------+---------------------|
| SimpleBurner                                                                              | 813              | 952               | 23,763             | 48,200              |
|-------------------------------------------------------------------------------------------+------------------+-------------------+--------------------+---------------------|
| SimpleEntity                                                                              | 690              | 1,067             | 23,886             | 48,085              |
|-------------------------------------------------------------------------------------------+------------------+-------------------+--------------------+---------------------|
| SimpleFullRestakeDelegatorHook                                                            | 1,406            | 1,434             | 23,170             | 47,718              |
|-------------------------------------------------------------------------------------------+------------------+-------------------+--------------------+---------------------|
| SimpleMigratableEntity                                                                    | 1,960            | 2,286             | 22,616             | 46,866              |
|-------------------------------------------------------------------------------------------+------------------+-------------------+--------------------+---------------------|
| SimpleMigratableEntityV2                                                                  | 2,139            | 2,465             | 22,437             | 46,687              |
|-------------------------------------------------------------------------------------------+------------------+-------------------+--------------------+---------------------|
| SimpleNetworkRestakeDelegatorHook                                                         | 1,406            | 1,434             | 23,170             | 47,718              |
|-------------------------------------------------------------------------------------------+------------------+-------------------+--------------------+---------------------|
| SimpleOperatorNetworkSpecificDelegatorHook                                                | 447              | 475               | 24,129             | 48,677              |
|-------------------------------------------------------------------------------------------+------------------+-------------------+--------------------+---------------------|
| SimpleOperatorSpecificDelegatorHook                                                       | 538              | 566               | 24,038             | 48,586              |
|-------------------------------------------------------------------------------------------+------------------+-------------------+--------------------+---------------------|
| SimpleRegistry                                                                            | 598              | 626               | 23,978             | 48,526              |
|-------------------------------------------------------------------------------------------+------------------+-------------------+--------------------+---------------------|
| Simulation                                                                                | 44               | 94                | 24,532             | 49,058              |
|-------------------------------------------------------------------------------------------+------------------+-------------------+--------------------+---------------------|
| Slasher                                                                                   | 8,145            | 8,682             | 16,431             | 40,470              |
|-------------------------------------------------------------------------------------------+------------------+-------------------+--------------------+---------------------|
| SlasherFactory                                                                            | 2,399            | 2,639             | 22,177             | 46,513              |
|-------------------------------------------------------------------------------------------+------------------+-------------------+--------------------+---------------------|
| SlasherHints                                                                              | 1,022            | 1,164             | 23,554             | 47,988              |
|-------------------------------------------------------------------------------------------+------------------+-------------------+--------------------+---------------------|
| SlotDerivation                                                                            | 44               | 94                | 24,532             | 49,058              |
|-------------------------------------------------------------------------------------------+------------------+-------------------+--------------------+---------------------|
| SpikoAccount                                                                              | 13,432           | 14,825            | 11,144             | 34,327              |
|-------------------------------------------------------------------------------------------+------------------+-------------------+--------------------+---------------------|
| SpikoMainnetVault                                                                         | 121              | 244               | 24,455             | 48,908              |
|-------------------------------------------------------------------------------------------+------------------+-------------------+--------------------+---------------------|
| StockMarketTRBasisTrade_Account                                                           | 11,501           | 13,852            | 13,075             | 35,300              |
|-------------------------------------------------------------------------------------------+------------------+-------------------+--------------------+---------------------|
| StockMarketTRBasisTrade_AccountFactory                                                    | 5,114            | 5,354             | 19,462             | 43,798              |
|-------------------------------------------------------------------------------------------+------------------+-------------------+--------------------+---------------------|
| StorageSlot                                                                               | 44               | 94                | 24,532             | 49,058              |
|-------------------------------------------------------------------------------------------+------------------+-------------------+--------------------+---------------------|
| Strings                                                                                   | 44               | 94                | 24,532             | 49,058              |
|-------------------------------------------------------------------------------------------+------------------+-------------------+--------------------+---------------------|
| Subnetwork                                                                                | 44               | 94                | 24,532             | 49,058              |
|-------------------------------------------------------------------------------------------+------------------+-------------------+--------------------+---------------------|
| SuperstateAccount                                                                         | 14,282           | 15,643            | 10,294             | 33,509              |
|-------------------------------------------------------------------------------------------+------------------+-------------------+--------------------+---------------------|
| SuperstateSubAccount                                                                      | 1,128            | 1,376             | 23,448             | 47,776              |
|-------------------------------------------------------------------------------------------+------------------+-------------------+--------------------+---------------------|
| SymbioticCoreBytecode                                                                     | 44               | 94                | 24,532             | 49,058              |
|-------------------------------------------------------------------------------------------+------------------+-------------------+--------------------+---------------------|
| SymbioticCoreConstants                                                                    | 44               | 94                | 24,532             | 49,058              |
|-------------------------------------------------------------------------------------------+------------------+-------------------+--------------------+---------------------|
| SymbioticUtils                                                                            | 80               | 109               | 24,496             | 49,043              |
|-------------------------------------------------------------------------------------------+------------------+-------------------+--------------------+---------------------|
| TestAsyncRedeemAccount                                                                    | 11,422           | 12,792            | 13,154             | 36,360              |
|-------------------------------------------------------------------------------------------+------------------+-------------------+--------------------+---------------------|
| TestBaseAsyncRedeemAccount                                                                | 11,372           | 12,666            | 13,204             | 36,486              |
|-------------------------------------------------------------------------------------------+------------------+-------------------+--------------------+---------------------|
| TestMidasCompAccount                                                                      | 11,730           | 13,213            | 12,846             | 35,939              |
|-------------------------------------------------------------------------------------------+------------------+-------------------+--------------------+---------------------|
| TestnetBurnerRouterFactoryMock                                                            | 1,624            | 1,652             | 22,952             | 47,500              |
|-------------------------------------------------------------------------------------------+------------------+-------------------+--------------------+---------------------|
| TestnetBurnerRouterMock                                                                   | 696              | 953               | 23,880             | 48,199              |
|-------------------------------------------------------------------------------------------+------------------+-------------------+--------------------+---------------------|
| TestnetCowSwapSettlementMock                                                              | 989              | 1,158             | 23,587             | 47,994              |
|-------------------------------------------------------------------------------------------+------------------+-------------------+--------------------+---------------------|
| TestnetCowSwapVaultRelayerMock                                                            | 21               | 47                | 24,555             | 49,105              |
|-------------------------------------------------------------------------------------------+------------------+-------------------+--------------------+---------------------|
| TestnetERC20Mock                                                                          | 1,855            | 2,569             | 22,721             | 46,583              |
|-------------------------------------------------------------------------------------------+------------------+-------------------+--------------------+---------------------|
| TestnetMerklDistributorMock                                                               | 551              | 579               | 24,025             | 48,573              |
|-------------------------------------------------------------------------------------------+------------------+-------------------+--------------------+---------------------|
| TestnetMidasDataFeedMock                                                                  | 155              | 254               | 24,421             | 48,898              |
|-------------------------------------------------------------------------------------------+------------------+-------------------+--------------------+---------------------|
| TestnetMidasRedemptionVaultMock                                                           | 2,393            | 2,677             | 22,183             | 46,475              |
|-------------------------------------------------------------------------------------------+------------------+-------------------+--------------------+---------------------|
| TestnetRegistryStateEntity                                                                | 2,293            | 2,633             | 22,283             | 46,519              |
|-------------------------------------------------------------------------------------------+------------------+-------------------+--------------------+---------------------|
| TestnetSwapRouterMock                                                                     | 316              | 344               | 24,260             | 48,808              |
|-------------------------------------------------------------------------------------------+------------------+-------------------+--------------------+---------------------|
| TestnetVaultFactory                                                                       | 5,063            | 5,314             | 19,513             | 43,838              |
|-------------------------------------------------------------------------------------------+------------------+-------------------+--------------------+---------------------|
| TheoAccount                                                                               | 10,039           | 11,241            | 14,537             | 37,911              |
|-------------------------------------------------------------------------------------------+------------------+-------------------+--------------------+---------------------|
| ThreeFAdapter                                                                             | 9,610            | 10,025            | 14,966             | 39,127              |
|-------------------------------------------------------------------------------------------+------------------+-------------------+--------------------+---------------------|
| ThreeFDelegatorMock                                                                       | 1,644            | 1,804             | 22,932             | 47,348              |
|-------------------------------------------------------------------------------------------+------------------+-------------------+--------------------+---------------------|
| ThreeFRequestMock                                                                         | 2,899            | 3,059             | 21,677             | 46,093              |
|-------------------------------------------------------------------------------------------+------------------+-------------------+--------------------+---------------------|
| ThreeFTokenMock                                                                           | 1,821            | 2,286             | 22,755             | 46,866              |
|-------------------------------------------------------------------------------------------+------------------+-------------------+--------------------+---------------------|
| ThreeFVaultFactoryMock                                                                    | 297              | 325               | 24,279             | 48,827              |
|-------------------------------------------------------------------------------------------+------------------+-------------------+--------------------+---------------------|
| ThreeFVaultMock                                                                           | 885              | 1,037             | 23,691             | 48,115              |
|-------------------------------------------------------------------------------------------+------------------+-------------------+--------------------+---------------------|
| ThreeFWhitelistMock                                                                       | 389              | 417               | 24,187             | 48,735              |
|-------------------------------------------------------------------------------------------+------------------+-------------------+--------------------+---------------------|
| ThreeJaneAccount                                                                          | 9,712            | 11,026            | 14,864             | 38,126              |
|-------------------------------------------------------------------------------------------+------------------+-------------------+--------------------+---------------------|
| ThreeJaneOracle                                                                           | 875              | 1,801             | 23,701             | 47,351              |
|-------------------------------------------------------------------------------------------+------------------+-------------------+--------------------+---------------------|
| Time                                                                                      | 44               | 94                | 24,532             | 49,058              |
|-------------------------------------------------------------------------------------------+------------------+-------------------+--------------------+---------------------|
| Token                                                                                     | 1,723            | 3,065             | 22,853             | 46,087              |
|-------------------------------------------------------------------------------------------+------------------+-------------------+--------------------+---------------------|
| TokensMainnetDelegator                                                                    | 999              | 1,151             | 23,577             | 48,001              |
|-------------------------------------------------------------------------------------------+------------------+-------------------+--------------------+---------------------|
| TokensMainnetLiquidLaneVault                                                              | 913              | 1,065             | 23,663             | 48,087              |
|-------------------------------------------------------------------------------------------+------------------+-------------------+--------------------+---------------------|
| TokensMainnetVaultRegistry                                                                | 608              | 636               | 23,968             | 48,516              |
|-------------------------------------------------------------------------------------------+------------------+-------------------+--------------------+---------------------|
| TransientSlot                                                                             | 44               | 94                | 24,532             | 49,058              |
|-------------------------------------------------------------------------------------------+------------------+-------------------+--------------------+---------------------|
| TransparentUpgradeableProxy                                                               | 1,018            | 3,334             | 23,558             | 45,818              |
|-------------------------------------------------------------------------------------------+------------------+-------------------+--------------------+---------------------|
| USCC_Account                                                                              | 14,282           | 15,608            | 10,294             | 33,544              |
|-------------------------------------------------------------------------------------------+------------------+-------------------+--------------------+---------------------|
| USCC_AccountFactory                                                                       | 5,114            | 5,354             | 19,462             | 43,798              |
|-------------------------------------------------------------------------------------------+------------------+-------------------+--------------------+---------------------|
| USD3_Account                                                                              | 9,712            | 12,938            | 14,864             | 36,214              |
|-------------------------------------------------------------------------------------------+------------------+-------------------+--------------------+---------------------|
| USD3_AccountFactory                                                                       | 5,114            | 5,354             | 19,462             | 43,798              |
|-------------------------------------------------------------------------------------------+------------------+-------------------+--------------------+---------------------|
| UniversalDelegator                                                                        | 14,504           | 14,880            | 10,072             | 34,272              |
|-------------------------------------------------------------------------------------------+------------------+-------------------+--------------------+---------------------|
| UniversalDelegatorAdapterFactoryMock                                                      | 297              | 325               | 24,279             | 48,827              |
|-------------------------------------------------------------------------------------------+------------------+-------------------+--------------------+---------------------|
| UniversalDelegatorAdapterRegistryMock                                                     | 350              | 378               | 24,226             | 48,774              |
|-------------------------------------------------------------------------------------------+------------------+-------------------+--------------------+---------------------|
| UniversalDelegatorFactory                                                                 | 5,114            | 5,354             | 19,462             | 43,798              |
|-------------------------------------------------------------------------------------------+------------------+-------------------+--------------------+---------------------|
| UniversalDelegatorInitializeVaultMock                                                     | 21               | 47                | 24,555             | 49,105              |
|-------------------------------------------------------------------------------------------+------------------+-------------------+--------------------+---------------------|
| UniversalDelegatorSweepAdapter                                                            | 1,005            | 1,374             | 23,571             | 47,778              |
|-------------------------------------------------------------------------------------------+------------------+-------------------+--------------------+---------------------|
| UniversalDelegatorSweepExcessDeallocateAdapter                                            | 501              | 704               | 24,075             | 48,448              |
|-------------------------------------------------------------------------------------------+------------------+-------------------+--------------------+---------------------|
| UniversalDelegatorSweepHarness                                                            | 14,726           | 15,076            | 9,850              | 34,076              |
|-------------------------------------------------------------------------------------------+------------------+-------------------+--------------------+---------------------|
| UniversalDelegatorSweepQueue                                                              | 265              | 349               | 24,311             | 48,803              |
|-------------------------------------------------------------------------------------------+------------------+-------------------+--------------------+---------------------|
| UniversalDelegatorSweepReentrantAdapter                                                   | 1,393            | 1,613             | 23,183             | 47,539              |
|-------------------------------------------------------------------------------------------+------------------+-------------------+--------------------+---------------------|
| UniversalDelegatorSweepRevertingAdapter                                                   | 441              | 795               | 24,135             | 48,357              |
|-------------------------------------------------------------------------------------------+------------------+-------------------+--------------------+---------------------|
| UniversalDelegatorSweepToken                                                              | 1,821            | 2,282             | 22,755             | 46,870              |
|-------------------------------------------------------------------------------------------+------------------+-------------------+--------------------+---------------------|
| UniversalDelegatorSweepVault                                                              | 1,218            | 3,737             | 23,358             | 45,415              |
|-------------------------------------------------------------------------------------------+------------------+-------------------+--------------------+---------------------|
| V1ChaosExecutor                                                                           | 4,236            | 4,410             | 20,340             | 44,742              |
|-------------------------------------------------------------------------------------------+------------------+-------------------+--------------------+---------------------|
| V1ChaosExecutorFailingTarget                                                              | 95               | 121               | 24,481             | 49,031              |
|-------------------------------------------------------------------------------------------+------------------+-------------------+--------------------+---------------------|
| V1ChaosExecutorSuccessfulTarget                                                           | 150              | 176               | 24,426             | 48,976              |
|-------------------------------------------------------------------------------------------+------------------+-------------------+--------------------+---------------------|
| VBILL_Account                                                                             | 10,534           | 14,352            | 14,042             | 34,800              |
|-------------------------------------------------------------------------------------------+------------------+-------------------+--------------------+---------------------|
| VBILL_AccountFactory                                                                      | 5,114            | 5,354             | 19,462             | 43,798              |
|-------------------------------------------------------------------------------------------+------------------+-------------------+--------------------+---------------------|
| Vault                                                                                     | 15,933           | 16,360            | 8,643              | 32,792              |
|-------------------------------------------------------------------------------------------+------------------+-------------------+--------------------+---------------------|
| VaultConfigurator                                                                         | 1,793            | 2,019             | 22,783             | 47,133              |
|-------------------------------------------------------------------------------------------+------------------+-------------------+--------------------+---------------------|
| VaultFactory                                                                              | 5,114            | 5,354             | 19,462             | 43,798              |
|-------------------------------------------------------------------------------------------+------------------+-------------------+--------------------+---------------------|
| VaultHints                                                                                | 3,735            | 3,792             | 20,841             | 45,360              |
|-------------------------------------------------------------------------------------------+------------------+-------------------+--------------------+---------------------|
| VaultHintsTarget                                                                          | 5,172            | 5,229             | 19,404             | 43,923              |
|-------------------------------------------------------------------------------------------+------------------+-------------------+--------------------+---------------------|
| VaultMigrateHarness                                                                       | 16,032           | 16,335            | 8,544              | 32,817              |
|-------------------------------------------------------------------------------------------+------------------+-------------------+--------------------+---------------------|
| VaultStorageTarget                                                                        | 199              | 332               | 24,377             | 48,820              |
|-------------------------------------------------------------------------------------------+------------------+-------------------+--------------------+---------------------|
| VaultTokenized                                                                            | 18,918           | 19,351            | 5,658              | 29,801              |
|-------------------------------------------------------------------------------------------+------------------+-------------------+--------------------+---------------------|
| VaultTokenizedUpdateHarness                                                               | 18,948           | 19,257            | 5,628              | 29,895              |
|-------------------------------------------------------------------------------------------+------------------+-------------------+--------------------+---------------------|
| VaultV1                                                                                   | 15,933           | 16,360            | 8,643              | 32,792              |
|-------------------------------------------------------------------------------------------+------------------+-------------------+--------------------+---------------------|
| VaultV2                                                                                   | 19,068           | 19,504            | 5,508              | 29,648              |
|-------------------------------------------------------------------------------------------+------------------+-------------------+--------------------+---------------------|
| VaultV2MigratableEntityMock                                                               | 1,871            | 2,197             | 22,705             | 46,955              |
|-------------------------------------------------------------------------------------------+------------------+-------------------+--------------------+---------------------|
| VaultV2SixDecimalToken                                                                    | 1,723            | 2,916             | 22,853             | 46,236              |
|-------------------------------------------------------------------------------------------+------------------+-------------------+--------------------+---------------------|
| VaultV2ZeroRevertToken                                                                    | 1,808            | 3,001             | 22,768             | 46,151              |
|-------------------------------------------------------------------------------------------+------------------+-------------------+--------------------+---------------------|
| VetoSlasher                                                                               | 12,720           | 13,301            | 11,856             | 35,851              |
|-------------------------------------------------------------------------------------------+------------------+-------------------+--------------------+---------------------|
| VetoSlasherHints                                                                          | 4,317            | 4,476             | 20,259             | 44,676              |
|-------------------------------------------------------------------------------------------+------------------+-------------------+--------------------+---------------------|
| VetoSlasherHintsTarget                                                                    | 6,312            | 6,471             | 18,264             | 42,681              |
|-------------------------------------------------------------------------------------------+------------------+-------------------+--------------------+---------------------|
| WeETHOracle                                                                               | 551              | 797               | 24,025             | 48,355              |
|-------------------------------------------------------------------------------------------+------------------+-------------------+--------------------+---------------------|
| WithdrawalQueue                                                                           | 11,193           | 11,520            | 13,383             | 37,632              |
|-------------------------------------------------------------------------------------------+------------------+-------------------+--------------------+---------------------|
| WithdrawalQueueFactory                                                                    | 5,114            | 5,354             | 19,462             | 43,798              |
|-------------------------------------------------------------------------------------------+------------------+-------------------+--------------------+---------------------|
| WithdrawalQueueFillDelegator                                                              | 335              | 469               | 24,241             | 48,683              |
|-------------------------------------------------------------------------------------------+------------------+-------------------+--------------------+---------------------|
| WithdrawalQueueFillToken                                                                  | 1,934            | 2,408             | 22,642             | 46,744              |
|-------------------------------------------------------------------------------------------+------------------+-------------------+--------------------+---------------------|
| WithdrawalQueueFillVault                                                                  | 4,729            | 5,355             | 19,847             | 43,797              |
|-------------------------------------------------------------------------------------------+------------------+-------------------+--------------------+---------------------|
| WithdrawalQueueHarness                                                                    | 11,415           | 11,745            | 13,161             | 37,407              |
|-------------------------------------------------------------------------------------------+------------------+-------------------+--------------------+---------------------|
| WithdrawalQueueInvariantDelegator                                                         | 86               | 112               | 24,490             | 49,040              |
|-------------------------------------------------------------------------------------------+------------------+-------------------+--------------------+---------------------|
| WithdrawalQueueInvariantToken                                                             | 1,821            | 2,282             | 22,755             | 46,870              |
|-------------------------------------------------------------------------------------------+------------------+-------------------+--------------------+---------------------|
| WithdrawalQueueInvariantVault                                                             | 4,334            | 4,954             | 20,242             | 44,198              |
|-------------------------------------------------------------------------------------------+------------------+-------------------+--------------------+---------------------|
| WstETHOracle                                                                              | 551              | 797               | 24,025             | 48,355              |
|-------------------------------------------------------------------------------------------+------------------+-------------------+--------------------+---------------------|
| bEQTY_Account                                                                             | 14,809           | 16,179            | 9,767              | 32,973              |
|-------------------------------------------------------------------------------------------+------------------+-------------------+--------------------+---------------------|
| bEQTY_AccountFactory                                                                      | 5,114            | 5,354             | 19,462             | 43,798              |
|-------------------------------------------------------------------------------------------+------------------+-------------------+--------------------+---------------------|
| deCRDX_Account                                                                            | 11,373           | 12,710            | 13,203             | 36,442              |
|-------------------------------------------------------------------------------------------+------------------+-------------------+--------------------+---------------------|
| deCRDX_AccountFactory                                                                     | 5,114            | 5,354             | 19,462             | 43,798              |
|-------------------------------------------------------------------------------------------+------------------+-------------------+--------------------+---------------------|
| deJAAA_Account                                                                            | 11,373           | 12,710            | 13,203             | 36,442              |
|-------------------------------------------------------------------------------------------+------------------+-------------------+--------------------+---------------------|
| deJAAA_AccountFactory                                                                     | 5,114            | 5,354             | 19,462             | 43,798              |
|-------------------------------------------------------------------------------------------+------------------+-------------------+--------------------+---------------------|
| deJTRSY_Account                                                                           | 11,373           | 12,710            | 13,203             | 36,442              |
|-------------------------------------------------------------------------------------------+------------------+-------------------+--------------------+---------------------|
| deJTRSY_AccountFactory                                                                    | 5,114            | 5,354             | 19,462             | 43,798              |
|-------------------------------------------------------------------------------------------+------------------+-------------------+--------------------+---------------------|
| liUSD13w_Account                                                                          | 11,574           | 15,506            | 13,002             | 33,646              |
|-------------------------------------------------------------------------------------------+------------------+-------------------+--------------------+---------------------|
| liUSD13w_AccountFactory                                                                   | 5,114            | 5,354             | 19,462             | 43,798              |
|-------------------------------------------------------------------------------------------+------------------+-------------------+--------------------+---------------------|
| liUSD4w_Account                                                                           | 11,574           | 15,506            | 13,002             | 33,646              |
|-------------------------------------------------------------------------------------------+------------------+-------------------+--------------------+---------------------|
| liUSD4w_AccountFactory                                                                    | 5,114            | 5,354             | 19,462             | 43,798              |
|-------------------------------------------------------------------------------------------+------------------+-------------------+--------------------+---------------------|
| mAPOLLO_Account                                                                           | 11,501           | 13,853            | 13,075             | 35,299              |
|-------------------------------------------------------------------------------------------+------------------+-------------------+--------------------+---------------------|
| mAPOLLO_AccountFactory                                                                    | 5,114            | 5,354             | 19,462             | 43,798              |
|-------------------------------------------------------------------------------------------+------------------+-------------------+--------------------+---------------------|
| mBASIS_Account                                                                            | 11,501           | 13,853            | 13,075             | 35,299              |
|-------------------------------------------------------------------------------------------+------------------+-------------------+--------------------+---------------------|
| mBASIS_AccountFactory                                                                     | 5,114            | 5,354             | 19,462             | 43,798              |
|-------------------------------------------------------------------------------------------+------------------+-------------------+--------------------+---------------------|
| mBTC_Account                                                                              | 11,501           | 13,852            | 13,075             | 35,300              |
|-------------------------------------------------------------------------------------------+------------------+-------------------+--------------------+---------------------|
| mBTC_AccountFactory                                                                       | 5,114            | 5,354             | 19,462             | 43,798              |
|-------------------------------------------------------------------------------------------+------------------+-------------------+--------------------+---------------------|
| mEDGE_Account                                                                             | 11,501           | 13,853            | 13,075             | 35,299              |
|-------------------------------------------------------------------------------------------+------------------+-------------------+--------------------+---------------------|
| mEDGE_AccountFactory                                                                      | 5,114            | 5,354             | 19,462             | 43,798              |
|-------------------------------------------------------------------------------------------+------------------+-------------------+--------------------+---------------------|
| mEVUSD_Account                                                                            | 11,501           | 13,853            | 13,075             | 35,299              |
|-------------------------------------------------------------------------------------------+------------------+-------------------+--------------------+---------------------|
| mEVUSD_AccountFactory                                                                     | 5,114            | 5,354             | 19,462             | 43,798              |
|-------------------------------------------------------------------------------------------+------------------+-------------------+--------------------+---------------------|
| mFARM_Account                                                                             | 11,501           | 13,853            | 13,075             | 35,299              |
|-------------------------------------------------------------------------------------------+------------------+-------------------+--------------------+---------------------|
| mFARM_AccountFactory                                                                      | 5,114            | 5,354             | 19,462             | 43,798              |
|-------------------------------------------------------------------------------------------+------------------+-------------------+--------------------+---------------------|
| mFONE_Account                                                                             | 11,566           | 13,918            | 13,010             | 35,234              |
|-------------------------------------------------------------------------------------------+------------------+-------------------+--------------------+---------------------|
| mFONE_AccountFactory                                                                      | 5,114            | 5,354             | 19,462             | 43,798              |
|-------------------------------------------------------------------------------------------+------------------+-------------------+--------------------+---------------------|
| mGLOBAL_Account                                                                           | 14,086           | 16,732            | 10,490             | 32,420              |
|-------------------------------------------------------------------------------------------+------------------+-------------------+--------------------+---------------------|
| mGLOBAL_AccountFactory                                                                    | 5,114            | 5,354             | 19,462             | 43,798              |
|-------------------------------------------------------------------------------------------+------------------+-------------------+--------------------+---------------------|
| mHYPER_Account                                                                            | 11,501           | 13,852            | 13,075             | 35,300              |
|-------------------------------------------------------------------------------------------+------------------+-------------------+--------------------+---------------------|
| mHYPER_AccountFactory                                                                     | 5,114            | 5,354             | 19,462             | 43,798              |
|-------------------------------------------------------------------------------------------+------------------+-------------------+--------------------+---------------------|
| mHyperBTC_Account                                                                         | 11,501           | 13,853            | 13,075             | 35,299              |
|-------------------------------------------------------------------------------------------+------------------+-------------------+--------------------+---------------------|
| mHyperBTC_AccountFactory                                                                  | 5,114            | 5,354             | 19,462             | 43,798              |
|-------------------------------------------------------------------------------------------+------------------+-------------------+--------------------+---------------------|
| mHyperETH_Account                                                                         | 11,501           | 13,853            | 13,075             | 35,299              |
|-------------------------------------------------------------------------------------------+------------------+-------------------+--------------------+---------------------|
| mHyperETH_AccountFactory                                                                  | 5,114            | 5,354             | 19,462             | 43,798              |
|-------------------------------------------------------------------------------------------+------------------+-------------------+--------------------+---------------------|
| mM1USD_Account                                                                            | 11,501           | 13,853            | 13,075             | 35,299              |
|-------------------------------------------------------------------------------------------+------------------+-------------------+--------------------+---------------------|
| mM1USD_AccountFactory                                                                     | 5,114            | 5,354             | 19,462             | 43,798              |
|-------------------------------------------------------------------------------------------+------------------+-------------------+--------------------+---------------------|
| mMEV_Account                                                                              | 11,501           | 13,853            | 13,075             | 35,299              |
|-------------------------------------------------------------------------------------------+------------------+-------------------+--------------------+---------------------|
| mMEV_AccountFactory                                                                       | 5,114            | 5,354             | 19,462             | 43,798              |
|-------------------------------------------------------------------------------------------+------------------+-------------------+--------------------+---------------------|
| mROX_Account                                                                              | 11,501           | 13,852            | 13,075             | 35,300              |
|-------------------------------------------------------------------------------------------+------------------+-------------------+--------------------+---------------------|
| mROX_AccountFactory                                                                       | 5,114            | 5,354             | 19,462             | 43,798              |
|-------------------------------------------------------------------------------------------+------------------+-------------------+--------------------+---------------------|
| mRe7BTC_Account                                                                           | 11,501           | 13,853            | 13,075             | 35,299              |
|-------------------------------------------------------------------------------------------+------------------+-------------------+--------------------+---------------------|
| mRe7BTC_AccountFactory                                                                    | 5,114            | 5,354             | 19,462             | 43,798              |
|-------------------------------------------------------------------------------------------+------------------+-------------------+--------------------+---------------------|
| mRe7YIELD_Account                                                                         | 11,501           | 13,853            | 13,075             | 35,299              |
|-------------------------------------------------------------------------------------------+------------------+-------------------+--------------------+---------------------|
| mRe7YIELD_AccountFactory                                                                  | 5,114            | 5,354             | 19,462             | 43,798              |
|-------------------------------------------------------------------------------------------+------------------+-------------------+--------------------+---------------------|
| mSL_Account                                                                               | 11,501           | 13,853            | 13,075             | 35,299              |
|-------------------------------------------------------------------------------------------+------------------+-------------------+--------------------+---------------------|
| mSL_AccountFactory                                                                        | 5,114            | 5,354             | 19,462             | 43,798              |
|-------------------------------------------------------------------------------------------+------------------+-------------------+--------------------+---------------------|
| mTBILL_Account                                                                            | 11,501           | 13,853            | 13,075             | 35,299              |
|-------------------------------------------------------------------------------------------+------------------+-------------------+--------------------+---------------------|
| mTBILL_AccountFactory                                                                     | 5,114            | 5,354             | 19,462             | 43,798              |
|-------------------------------------------------------------------------------------------+------------------+-------------------+--------------------+---------------------|
| mevBTC_Account                                                                            | 11,501           | 13,853            | 13,075             | 35,299              |
|-------------------------------------------------------------------------------------------+------------------+-------------------+--------------------+---------------------|
| mevBTC_AccountFactory                                                                     | 5,114            | 5,354             | 19,462             | 43,798              |
|-------------------------------------------------------------------------------------------+------------------+-------------------+--------------------+---------------------|
| msyrupUSD_Account                                                                         | 11,501           | 13,853            | 13,075             | 35,299              |
|-------------------------------------------------------------------------------------------+------------------+-------------------+--------------------+---------------------|
| msyrupUSD_AccountFactory                                                                  | 5,114            | 5,354             | 19,462             | 43,798              |
|-------------------------------------------------------------------------------------------+------------------+-------------------+--------------------+---------------------|
| msyrupUSDp_Account                                                                        | 11,501           | 13,853            | 13,075             | 35,299              |
|-------------------------------------------------------------------------------------------+------------------+-------------------+--------------------+---------------------|
| msyrupUSDp_AccountFactory                                                                 | 5,114            | 5,354             | 19,462             | 43,798              |
|-------------------------------------------------------------------------------------------+------------------+-------------------+--------------------+---------------------|
| sAID_Account                                                                              | 12,454           | 15,718            | 12,122             | 33,434              |
|-------------------------------------------------------------------------------------------+------------------+-------------------+--------------------+---------------------|
| sAID_AccountFactory                                                                       | 5,114            | 5,354             | 19,462             | 43,798              |
|-------------------------------------------------------------------------------------------+------------------+-------------------+--------------------+---------------------|
| sUSD3_Account                                                                             | 11,052           | 14,790            | 13,524             | 34,362              |
|-------------------------------------------------------------------------------------------+------------------+-------------------+--------------------+---------------------|
| sUSD3_AccountFactory                                                                      | 5,114            | 5,354             | 19,462             | 43,798              |
|-------------------------------------------------------------------------------------------+------------------+-------------------+--------------------+---------------------|
| sUSN_Account                                                                              | 10,901           | 14,385            | 13,675             | 34,767              |
|-------------------------------------------------------------------------------------------+------------------+-------------------+--------------------+---------------------|
| sUSN_AccountFactory                                                                       | 5,114            | 5,354             | 19,462             | 43,798              |
|-------------------------------------------------------------------------------------------+------------------+-------------------+--------------------+---------------------|
| sthUSD_Account                                                                            | 10,039           | 13,153            | 14,537             | 35,999              |
|-------------------------------------------------------------------------------------------+------------------+-------------------+--------------------+---------------------|
| sthUSD_AccountFactory                                                                     | 5,114            | 5,354             | 19,462             | 43,798              |
|-------------------------------------------------------------------------------------------+------------------+-------------------+--------------------+---------------------|
| weETH_Account (src/contracts/adapters/ll-adapter/tokens-to-redeem/weETH_Account.sol)      | 13,746           | 16,148            | 10,830             | 33,004              |
|-------------------------------------------------------------------------------------------+------------------+-------------------+--------------------+---------------------|
| weETH_Account (test/adapters/ll-adapter/AccountsBase.t.sol)                               | 13,746           | 15,234            | 10,830             | 33,918              |
|-------------------------------------------------------------------------------------------+------------------+-------------------+--------------------+---------------------|
| weETH_AccountFactory                                                                      | 5,114            | 5,354             | 19,462             | 43,798              |
|-------------------------------------------------------------------------------------------+------------------+-------------------+--------------------+---------------------|
| wstETH_Account (src/contracts/adapters/ll-adapter/tokens-to-redeem/wstETH_Account.sol)    | 14,674           | 16,988            | 9,902              | 32,164              |
|-------------------------------------------------------------------------------------------+------------------+-------------------+--------------------+---------------------|
| wstETH_Account (test/adapters/ll-adapter/AccountsBase.t.sol)                              | 14,674           | 16,079            | 9,902              | 33,073              |
|-------------------------------------------------------------------------------------------+------------------+-------------------+--------------------+---------------------|
| wstETH_AccountFactory                                                                     | 5,114            | 5,354             | 19,462             | 43,798              |
╰-------------------------------------------------------------------------------------------+------------------+-------------------+--------------------+---------------------╯

